name	referenceEntity.DB_ID	startCoordinate	endCoordinate	compartment.DB_ID	hasModifiedResidue	FragmentReplacedModification.alteredAminoAcidFragment	FragmentReplacedModification.endPositionInReferenceSequence	FragmentReplacedModification.referenceSequence.DB_ID	FragmentReplacedModification.startPositionInReferenceSequence	crossReference	DatabaseIdentifer.referenceDatabase.DB_ID	DatabaseIdentifier.identifier	disease.DB_ID	species.DB_ID
BRCA2 S309Ffs*6	50952	1	313	70101	FragmentReplacedModification	FIMFF	313	50952	309	DatabaseIdentifier	1655447	COSV66453692	1500689	48887
BRCA2 N986Kfs*2	50952	1	986	70101	FragmentReplacedModification	K	986	50952	986	DatabaseIdentifier	1655447	COSV66455783	1500689	48887
BRCA2 T2515Nfs*24	50952	1	2537	70101	FragmentReplacedModification	NIHSASNLSESSSRRPSSLCVFS	2537	50952	2515	DatabaseIdentifier	1655447	COSV66451500	1500689	48887
BRCA2 N1287Kfs*2	50952	1	1287	70101	FragmentReplacedModification	K	1287	50952	1287	DatabaseIdentifier	1655447	COSV66450462	1500689	48887
BRCA2 I2675Dfs*6	50952	1	2679	70101	FragmentReplacedModification	DNGKG	2679	50952	2675	DatabaseIdentifier	1655447	COSV66451450	1500689	48887
BRCA2 E2981Rfs*37	50952	1	3016	70101	FragmentReplacedModification	RKRFSYTEYLASIIRFIFSVNRRKEIQNLSSCNFKI	3016	50952	2981	DatabaseIdentifier	1655447	COSV66454404	1500689	48887
BRCA2 T3033Nfs*11	50952	1	3042	70101	FragmentReplacedModification	NSVSTTTGFR	3042	50952	3033	DatabaseIdentifier	1655447	COSV66447774	1500689	48887
BRCA2 T3085Nfs*26	50952	1	3109	70101	FragmentReplacedModification	NRTCPFRLFVRRMLQFTGNKVLDRP	3109	50952	3085	DatabaseIdentifier	1655447	COSV66452312	1500689	48887
BRCA2 I605Nfs*11	50952	1	614	70101	FragmentReplacedModification	NTERPKIRTN	614	50952	605	DatabaseIdentifier	1655447	COSV66455573	1500689	48887
BRCA2 N1784Kfs*3	50952	1	1785	70101	FragmentReplacedModification	KH	1785	50952	1784	DatabaseIdentifier	1655447	COSV66452194	1500689	48887
BRCA2 I27Mfs*6	50952	1	31	70101	FragmentReplacedModification	MTNKS	31	50952	27	DatabaseIdentifier	1655447	COSV66455394	1500689	48887
BRCA2 L769Hfs*21	50952	1	788	70101	FragmentReplacedModification	HKSYFNSYFQGCSVKPSHDF	788	50952	769	DatabaseIdentifier	1655447	COSV66461505	1500689	48887
BRCA2 L771Ifs*2	50952	1	771	70101	FragmentReplacedModification	I	771	50952	771	DatabaseIdentifier	1655447	COSV66461510	1500689	48887
BRCA2 L929Ffs*8	50952	1	935	70101	FragmentReplacedModification	FFIWRHR	935	50952	929	DatabaseIdentifier	1655447	COSV66462797	1500689	48887
BRCA2 W1692Mfs*3	50952	1	1693	70101	FragmentReplacedModification	MA	1693	50952	1692	DatabaseIdentifier	1655447	COSV66455131	1500689	48887
BRCA2 F3159Ifs*9	50952	1	3166	70101	FragmentReplacedModification	IQQNEKYC	3166	50952	3159	DatabaseIdentifier	1655447	COSV66459182	1500689	48887
BRCA2 A483Gfs*31	50952	1	512	70101	FragmentReplacedModification	GSKAGNIWNFSSGFFISGYQKVYIQNKRIT	512	50952	483	DatabaseIdentifier	1655447	COSV66450593	1500689	48887
BRCA2 V1532Sfs*2	50952	1	1532	70101	FragmentReplacedModification	S	1532	50952	1532	DatabaseIdentifier	1655447	COSV66456781	1500689	48887
BRCA2 N255Kfs*21	50952	1	274	70101	FragmentReplacedModification	KHKSKRSCKSWIWKNIREFI	274	50952	255	DatabaseIdentifier	1655447	COSV66461525	1500689	48887
BRCA2 P190Gfs*3	50952	1	191	70101	FragmentReplacedModification	GS	191	50952	190	DatabaseIdentifier	1655447	COSV66465707	1500689	48887
BRCA2 Q1089Sfs*10	50952	1	1097	70101	FragmentReplacedModification	SDVIFQAGF	1097	50952	1089	DatabaseIdentifier	1655447	COSV66456982	1500689	48887
BRCA2 Y949Lfs*10	50952	1	957	70101	FragmentReplacedModification	LCSCRGEQK	957	50952	949	DatabaseIdentifier	1655447	COSV66451972	1500689	48887
BRCA2 V726Sfs*25	50952	1	749	70101	FragmentReplacedModification	SFRYKRRGLGCSMSPSTTFKSGIQ	749	50952	726	DatabaseIdentifier	1655447	COSV66450798	1500689	48887
BRCA2 D946Rfs*13	50952	1	957	70101	FragmentReplacedModification	RFGLCSCRGEQK	957	50952	946	DatabaseIdentifier	1655447	COSV66458341	1500689	48887
BRCA2 L1545Rfs*3	50952	1	1546	70101	FragmentReplacedModification	RF	1546	50952	1545	DatabaseIdentifier	1655447	COSV66450805	1500689	48887
BRCA2 E532Rfs*3	50952	1	533	70101	FragmentReplacedModification	RN	533	50952	532	DatabaseIdentifier	1655447	COSV66461877	1500689	48887
BRCA2 T1359Yfs*2	50952	1	1359	70101	FragmentReplacedModification	Y	1359	50952	1359	DatabaseIdentifier	1655447	COSV66460684	1500689	48887
BRCA2 T2125Nfs*4	50952	1	2127	70101	FragmentReplacedModification	NLQ	2127	50952	2125	DatabaseIdentifier	1655447	COSV66458796	1500689	48887
BRCA2 C1365Mfs*3	50952	1	1366	70101	FragmentReplacedModification	MS	1366	50952	1365	DatabaseIdentifier	1655447	COSV66449944	1500689	48887
BRCA2 H543Tfs*17	50952	1	558	70101	FragmentReplacedModification	TYCLLTEGGLLMSKFN	558	50952	543	DatabaseIdentifier	1655447	COSV66457060	1500689	48887
BRCA2 S1720Ffs*7	50952	1	1725	70101	FragmentReplacedModification	FKQYYS	1725	50952	1720	DatabaseIdentifier	1655447	COSV66452597	1500689	48887
BRCA2 S3144Ffs*6	50952	1	3148	70101	FragmentReplacedModification	FCVFC	3148	50952	3144	DatabaseIdentifier	1655447	COSV66448126	1500689	48887
BRCA2 N863Kfs*18	50952	1	879	70101	FragmentReplacedModification	KSRRNYFNFKNNCQSRL	879	50952	863	DatabaseIdentifier	1655447	COSV66458153	1500689	48887
BRCA2 T302Nfs*3	50952	1	303	70101	FragmentReplacedModification	NL	303	50952	302	DatabaseIdentifier	1655447	COSV99061644	1500689	48887
BRCA2 R2502Lfs*24	50952	1	2524	70101	FragmentReplacedModification	LVASFHSQAVCILQKHPLCLESL	2524	50952	2502	DatabaseIdentifier	1655447	COSV99061645	1500689	48887
BRCA2 T582Kfs*3	50952	1	583	70101	FragmentReplacedModification	KL	583	50952	582	DatabaseIdentifier	1655447	COSV99061685	1500689	48887
BRCA2 H763Lfs*2	50952	1	763	70101	FragmentReplacedModification	L	763	50952	763	DatabaseIdentifier	1655447	COSV99061659	1500689	48887
BRCA2 V1045Dfs*5	50952	1	1048	70101	FragmentReplacedModification	DLKL	1048	50952	1045	DatabaseIdentifier	1655447	COSV99061704	1500689	48887
BRCA2 K1823Nfs*6	50952	1	1827	70101	FragmentReplacedModification	NKCSH	1827	50952	1823	DatabaseIdentifier	1655447	COSV99061670	1500689	48887
BRCA2 T2517Hfs*22	50952	1	2537	70101	FragmentReplacedModification	HSASNLSESSSRRPSSLCVFS	2537	50952	2517	DatabaseIdentifier	1655447	COSV101204715	1500689	48887
BRCA2 L1390Ffs*13	50952	1	1401	70101	FragmentReplacedModification	FGSCESSRSMSW	1401	50952	1390	DatabaseIdentifier	1655447	COSV101204115	1500689	48887
BRCA2 Y839Ifs*42	50952	1	879	70101	FragmentReplacedModification	IHESSITFKKGTIQPKHKSKSNPKKSRRNYFNFKNNCQSRL	879	50952	839	DatabaseIdentifier	1655447	COSV101204110	1500689	48887
BRCA2 R2787Lfs*35	50952	1	2820	70101	FragmentReplacedModification	LAGIPNLDSFLTLDLFLCPYHRFSVMEEMLVVLM	2820	50952	2787	DatabaseIdentifier	1655447	COSV104701309	1500689	48887
BRCA2 V1532Efs*12	50952	1	1542	70101	FragmentReplacedModification	ELKLQRNLWTK	1542	50952	1532	DatabaseIdentifier	1655447	COSV104701312	1500689	48887
BRCA2 F62Lfs*18	50952	1	78	70101	FragmentReplacedModification	LKLHKGNHLIISWLQLQ	78	50952	62	DatabaseIdentifier	1655447	COSV66461390	1500689	48887
BRCA2 R67Gfs*13	50952	1	78	70101	FragmentReplacedModification	GNHLIISWLQLQ	78	50952	67	DatabaseIdentifier	1655447	COSV104701335	1500689	48887
BRCA2 D252Vfs*24	50952	1	274	70101	FragmentReplacedModification	VKTQIKEKLQVMDLEKHQGIHLK	274	50952	252	DatabaseIdentifier	1655447	COSV66456798	1500689	48887
BRCA2 E305Gfs*2	50952	1	305	70101	FragmentReplacedModification	G	305	50952	305	DatabaseIdentifier	1655447	COSV104430705	1500689	48887
BRCA2 S313Lfs*11	50952	1	322	70101	FragmentReplacedModification	LNVEQKIYKK	322	50952	313	DatabaseIdentifier	1655447	COSV66454101	1500689	48887
BRCA2 R329Gfs*20	50952	1	347	70101	FragmentReplacedModification	GKKFSMKQTLMNVKNLKTK	347	50952	329	DatabaseIdentifier	1655447	COSV66452380	1500689	48887
BRCA2 I332Ffs*17	50952	1	347	70101	FragmentReplacedModification	FSMKQTLMNVKNLKTK	347	50952	332	DatabaseIdentifier	1655447	COSV66452689	1500689	48887
BRCA2 Q407Rfs*23	50952	1	428	70101	FragmentReplacedModification	RWRKYPYCIFLHVTKIFQKKTY	428	50952	407	DatabaseIdentifier	1655447	COSV66448347	1500689	48887
BRCA2 C419Wfs*11	50952	1	428	70101	FragmentReplacedModification	WTKIFQKKTY	428	50952	419	DatabaseIdentifier	1655447	COSV99061649	1500689	48887
BRCA2 D420Tfs*10	50952	1	428	70101	FragmentReplacedModification	TKIFQKKTY	428	50952	420	DatabaseIdentifier	1655447	COSV99061688	1500689	48887
BRCA2 K437Ifs*22	50952	1	457	70101	FragmentReplacedModification	IFLLQRILCHVFLAYQNQRSH	457	50952	437	DatabaseIdentifier	1655447	COSV66452068	1500689	48887
BRCA2 N460Kfs*6	50952	1	464	70101	FragmentReplacedModification	KRKQW	464	50952	460	DatabaseIdentifier	1655447	COSV104701428	1500689	48887
BRCA2 V464Gfs*3	50952	1	465	70101	FragmentReplacedModification	GK	465	50952	464	DatabaseIdentifier	1655447	COSV104701258	1500689	48887
BRCA2 E470Kfs*15	50952	1	483	70101	FragmentReplacedModification	KSSILNLIQTAFLQ	483	50952	470	DatabaseIdentifier	1655447	COSV99061694	1500689	48887
BRCA2 K485Sfs*24	50952	1	507	70101	FragmentReplacedModification	SRQYLELLQWLLHFRVSKSLYSE	507	50952	485	DatabaseIdentifier	1655447	COSV66450583	1500689	48887
BRCA2 T515Ifs*10	50952	1	523	70101	FragmentReplacedModification	ISMQVFQVI	523	50952	515	DatabaseIdentifier	1655447	COSV66454117	1500689	48887
BRCA2 M524Dfs*2	50952	1	524	70101	FragmentReplacedModification	D	524	50952	524	DatabaseIdentifier	1655447	COSV104701292	1500689	48887
BRCA2 K585Nfs*3	50952	1	586	70101	FragmentReplacedModification	NK	586	50952	585	DatabaseIdentifier	1655447	COSV66455196	1500689	48887
BRCA2 I594Yfs*20	50952	1	612	70101	FragmentReplacedModification	YMMKHLIKEKKYRKTKNQN	612	50952	594	DatabaseIdentifier	1655447	COSV99061678	1500689	48887
BRCA2 K601Rfs*14	50952	1	613	70101	FragmentReplacedModification	RKKNTERPKIRTN	613	50952	601	DatabaseIdentifier	1655447	COSV99061680	1500689	48887
BRCA2 I605Yfs*9	50952	1	612	70101	FragmentReplacedModification	YRKTKNQN	612	50952	605	DatabaseIdentifier	1655447	COSV66449038	1500689	48887
BRCA2 R645Efs*15	50952	1	658	70101	FragmentReplacedModification	EAVHRMILKNQLCP	658	50952	645	DatabaseIdentifier	1655447	COSV66459958	1500689	48887
BRCA2 P655Qfs*5	50952	1	658	70101	FragmentReplacedModification	QLCP	658	50952	655	DatabaseIdentifier	1655447	COSV66454623	1500689	48887
BRCA2 P704Qfs*26	50952	1	728	70101	FragmentReplacedModification	QKLILCHACRKDSVKMIQKAKKFQI	728	50952	704	DatabaseIdentifier	1655447	COSV66457134	1500689	48887
BRCA2 E718Kfs*12	50952	1	728	70101	FragmentReplacedModification	KMIQKAKKFQI	728	50952	718	DatabaseIdentifier	1655447	COSV99061682	1500689	48887
BRCA2 E731Gfs*19	50952	1	748	70101	FragmentReplacedModification	GGLGCSMSPSTTFKSGIQ	748	50952	731	DatabaseIdentifier	1655447	COSV66465991	1500689	48887
BRCA2 L759Ffs*3	50952	1	760	70101	FragmentReplacedModification	FI	760	50952	759	DatabaseIdentifier	1655447	COSV66465744	1500689	48887
BRCA2 M794Cfs*16	50952	1	808	70101	FragmentReplacedModification	CQTSSKVTIMNLMLN	808	50952	794	DatabaseIdentifier	1655447	COSV66448236	1500689	48887
BRCA2 D806Mfs*4	50952	1	808	70101	FragmentReplacedModification	MLN	808	50952	806	DatabaseIdentifier	1655447	COSV99061667	1500689	48887
BRCA2 N812Ifs*13	50952	1	823	70101	FragmentReplacedModification	IFPWKRIKMYVL	823	50952	812	DatabaseIdentifier	1655447	COSV66464225	1500689	48887
BRCA2 E816Kfs*9	50952	1	823	70101	FragmentReplacedModification	KRIKMYVL	823	50952	816	DatabaseIdentifier	1655447	COSV66456143	1500689	48887
BRCA2 L834Ffs*7	50952	1	839	70101	FragmentReplacedModification	FHLKNT	839	50952	834	DatabaseIdentifier	1655447	COSV99061665	1500689	48887
BRCA2 N863Ifs*11	50952	1	872	70101	FragmentReplacedModification	IKKKLLQFQK	872	50952	863	DatabaseIdentifier	1655447	COSV66458368	1500689	48887
BRCA2 S871Qfs*3	50952	1	872	70101	FragmentReplacedModification	QK	872	50952	871	DatabaseIdentifier	1655447	COSV66458759	1500689	48887
BRCA2 D885Mfs*9	50952	1	892	70101	FragmentReplacedModification	MRIILSSK	892	50952	885	DatabaseIdentifier	1655447	COSV66459696	1500689	48887
BRCA2 D885Afs*10	50952	1	893	70101	FragmentReplacedModification	AMRIILSSK	893	50952	885	DatabaseIdentifier	1655447	COSV66459482	1500689	48887
BRCA2 T926Pfs*34	50952	1	958	70101	FragmentReplacedModification	PWFYMETQVINKQPKCQLKKIWFMFLQRRTKIV	958	50952	926	DatabaseIdentifier	1655447	COSV66454040	1500689	48887
BRCA2 T933Rfs*2	50952	1	933	70101	FragmentReplacedModification	R	933	50952	933	DatabaseIdentifier	1655447	COSV104430683	1500689	48887
BRCA2 A938Pfs*21	50952	1	957	70101	FragmentReplacedModification	PKCQLKKIWFMFLQRRTKIV	957	50952	938	DatabaseIdentifier	1655447	COSV66447416	1500689	48887
BRCA2 A938Efs*22	50952	1	958	70101	FragmentReplacedModification	EPKCQLKKIWFMFLQRRTKIV	958	50952	938	DatabaseIdentifier	1655447	COSV104430718	1500689	48887
BRCA2 N986Ifs*5	50952	1	989	70101	FragmentReplacedModification	IMIT	989	50952	986	DatabaseIdentifier	1655447	COSV66449346	1500689	48887
BRCA2 F1005Lfs*38	50952	1	1041	70101	FragmentReplacedModification	LEVASEQLQIRKSSSLNITLRRAKCSSKILKNNILLV	1041	50952	1005	DatabaseIdentifier	1655447	COSV66458618	1500689	48887
BRCA2 K1026Ifs*10	50952	1	1034	70101	FragmentReplacedModification	ILKNNILLV	1034	50952	1026	DatabaseIdentifier	1655447	COSV66447587	1500689	48887
BRCA2 T1040Lfs*3	50952	1	1041	70101	FragmentReplacedModification	LV	1041	50952	1040	DatabaseIdentifier	1655447	COSV66452844	1500689	48887
BRCA2 D1054Efs*9	50952	1	1061	70101	FragmentReplacedModification	ETEQASVN	1061	50952	1054	DatabaseIdentifier	1655447	COSV66457423	1500689	48887
BRCA2 N1055Ifs*5	50952	1	1058	70101	FragmentReplacedModification	IKRN	1058	50952	1055	DatabaseIdentifier	1655447	COSV66449837	1500689	48887
BRCA2 N1066Ifs*11	50952	1	1075	70101	FragmentReplacedModification	ILYLHIYRVV	1075	50952	1066	DatabaseIdentifier	1655447	COSV66451414	1500689	48887
BRCA2 N1066Lfs*10	50952	1	1074	70101	FragmentReplacedModification	LYLHIYRVV	1074	50952	1066	DatabaseIdentifier	1655447	COSV66458945	1500689	48887
BRCA2 E1119Rfs*7	50952	1	1124	70101	FragmentReplacedModification	RIRKSV	1124	50952	1119	DatabaseIdentifier	1655447	COSV99061662	1500689	48887
BRCA2 G1122Efs*28	50952	1	1148	70101	FragmentReplacedModification	EVSLNLLSLENQATYCRRVHLKCLKTR	1148	50952	1122	DatabaseIdentifier	1655447	COSV66461398	1500689	48887
BRCA2 V1144Cfs*6	50952	1	1148	70101	FragmentReplacedModification	CLKTR	1148	50952	1144	DatabaseIdentifier	1655447	COSV66451407	1500689	48887
BRCA2 T1154Pfs*14	50952	1	1166	70101	FragmentReplacedModification	PLLRNAEMLIFMS	1166	50952	1154	DatabaseIdentifier	1655447	COSV101204646	1500689	48887
BRCA2 D1199Vfs*9	50952	1	1206	70101	FragmentReplacedModification	VTKVLLVI	1206	50952	1199	DatabaseIdentifier	1655447	COSV66454629	1500689	48887
BRCA2 V1214Wfs*14	50952	1	1226	70101	FragmentReplacedModification	WGLGAFILLMAQN	1226	50952	1214	DatabaseIdentifier	1655447	COSV66460829	1500689	48887
BRCA2 S1230Lfs*9	50952	1	1237	70101	FragmentReplacedModification	LLKLCKKL	1237	50952	1230	DatabaseIdentifier	1655447	COSV66459866	1500689	48887
BRCA2 V1283Kfs*2	50952	1	1283	70101	FragmentReplacedModification	K	1283	50952	1283	DatabaseIdentifier	1655447	COSV66451179	1500689	48887
BRCA2 N1287Ifs*6	50952	1	1291	70101	FragmentReplacedModification	IINAN	1291	50952	1287	DatabaseIdentifier	1655447	COSV66449306	1500689	48887
BRCA2 E1353Vfs*5	50952	1	1356	70101	FragmentReplacedModification	VAIY	1356	50952	1353	DatabaseIdentifier	1655447	COSV66447695	1500689	48887
BRCA2 H1362Tfs*12	50952	1	1372	70101	FragmentReplacedModification	TTYVLNYLASL	1372	50952	1362	DatabaseIdentifier	1655447	COSV66466208	1500689	48887
BRCA2 I1364Mfs*3	50952	1	1365	70101	FragmentReplacedModification	MS	1365	50952	1364	DatabaseIdentifier	1655447	COSV66452718	1500689	48887
BRCA2 K1406Nfs*3	50952	1	1407	70101	FragmentReplacedModification	NS	1407	50952	1406	DatabaseIdentifier	1655447	COSV66453114	1500689	48887
BRCA2 F1421Kfs*4	50952	1	1423	70101	FragmentReplacedModification	KFL	1423	50952	1421	DatabaseIdentifier	1655447	COSV66448736	1500689	48887
BRCA2 D1451Ifs*12	50952	1	1461	70101	FragmentReplacedModification	IRNQKNCITFP	1461	50952	1451	DatabaseIdentifier	1655447	COSV104430712	1500689	48887
BRCA2 L1491Kfs*12	50952	1	1501	70101	FragmentReplacedModification	KKVSQLVLEIN	1501	50952	1491	DatabaseIdentifier	1655447	COSV66454865	1500689	48887
BRCA2 K1517Ifs*23	50952	1	1538	70101	FragmentReplacedModification	IYWVFIQLAGKKLKLQRNLWTK	1538	50952	1517	DatabaseIdentifier	1655447	COSV66464175	1500689	48887
BRCA2 V1532Lfs*11	50952	1	1541	70101	FragmentReplacedModification	LKLQRNLWTK	1541	50952	1532	DatabaseIdentifier	1655447	COSV66457601	1500689	48887
BRCA2 N1544Tfs*24	50952	1	1566	70101	FragmentReplacedModification	TFLMKKSKVLVKSPVLAINGQRP	1566	50952	1544	DatabaseIdentifier	1655447	COSV66462487	1500689	48887
BRCA2 S1650Vfs*20	50952	1	1668	70101	FragmentReplacedModification	VLQLVTQISPLIQSLKIQP	1668	50952	1650	DatabaseIdentifier	1655447	COSV66452478	1500689	48887
BRCA2 K1691Nfs*15	50952	1	1704	70101	FragmentReplacedModification	NGLEKEYLMVNQKE	1704	50952	1691	DatabaseIdentifier	1655447	COSV66451438	1500689	48887
BRCA2 N1784Hfs*2	50952	1	1784	70101	FragmentReplacedModification	H	1784	50952	1784	DatabaseIdentifier	1655447	COSV104701329	1500689	48887
BRCA2 N1784Tfs*7	50952	1	1789	70101	FragmentReplacedModification	TLVFPK	1789	50952	1784	DatabaseIdentifier	1655447	COSV66448906	1500689	48887
BRCA2 D1796Mfs*9	50952	1	1803	70101	FragmentReplacedModification	MQMHTHKL	1803	50952	1796	DatabaseIdentifier	1655447	COSV101204250	1500689	48887
BRCA2 V1804Kfs*2	50952	1	1804	70101	FragmentReplacedModification	K	1804	50952	1804	DatabaseIdentifier	1655447	COSV66458330	1500689	48887
BRCA2 N1833Ifs*7	50952	1	1838	70101	FragmentReplacedModification	IVIILR	1838	50952	1833	DatabaseIdentifier	1655447	COSV99061690	1500689	48887
BRCA2 C1853Vfs*10	50952	1	1861	70101	FragmentReplacedModification	VFHMKQLKK	1861	50952	1853	DatabaseIdentifier	1655447	COSV66463625	1500689	48887
BRCA2 I1859Kfs*3	50952	1	1860	70101	FragmentReplacedModification	KK	1860	50952	1859	DatabaseIdentifier	1655447	COSV66447765	1500689	48887
BRCA2 D1868Vfs*5	50952	1	1871	70101	FragmentReplacedModification	VSVK	1871	50952	1868	DatabaseIdentifier	1655447	COSV66448284	1500689	48887
BRCA2 M1890Tfs*15	50952	1	1903	70101	FragmentReplacedModification	TRHWMIQRIFFITL	1903	50952	1890	DatabaseIdentifier	1655447	COSV99061650	1500689	48887
BRCA2 L1908Rfs*2	50952	1	1908	70101	FragmentReplacedModification	R	1908	50952	1908	DatabaseIdentifier	1655447	COSV66457068	1500689	48887
BRCA2 H1918Cfs*20	50952	1	1936	70101	FragmentReplacedModification	CENKYRSLFYLLQRFRKLL	1936	50952	1918	DatabaseIdentifier	1655447	COSV66449269	1500689	48887
BRCA2 I1962Mfs*42	50952	1	2002	70101	FragmentReplacedModification	MGSFISQSHLQILVGFLAQQVENLSRYQMLHYKTQDKCFLK	2002	50952	1962	DatabaseIdentifier	1655447	COSV66454494	1500689	48887
BRCA2 L1965Ffs*39	50952	1	2002	70101	FragmentReplacedModification	FISQSHLQILVGFLAQQVENLSRYQMLHYKTQDKCFLK	2002	50952	1965	DatabaseIdentifier	1655447	COSV66458259	1500689	48887
BRCA2 F1978Lfs*26	50952	1	2002	70101	FragmentReplacedModification	LAQQVENLSRYQMLHYKTQDKCFLK	2002	50952	1978	DatabaseIdentifier	1655447	COSV66459280	1500689	48887
BRCA2 S1982Rfs*22	50952	1	2002	70101	FragmentReplacedModification	RENLSRYQMLHYKTQDKCFLK	2002	50952	1982	DatabaseIdentifier	1655447	COSV66447676	1500689	48887
BRCA2 D1990Cfs*12	50952	1	2000	70101	FragmentReplacedModification	CFITKRKTSVF	2000	50952	1990	DatabaseIdentifier	1655447	COSV66448719	1500689	48887
BRCA2 G2044Afs*7	50952	1	2049	70101	FragmentReplacedModification	AFHIMW	2049	50952	2044	DatabaseIdentifier	1655447	COSV66448116	1500689	48887
BRCA2 G2078Ifs*2	50952	1	2078	70101	FragmentReplacedModification	I	2078	50952	2078	DatabaseIdentifier	1655447	COSV66457206	1500689	48887
BRCA2 L2092Pfs*7	50952	1	2097	70101	FragmentReplacedModification	PLFTYV	2097	50952	2092	DatabaseIdentifier	1655447	COSV99061623	1500689	48887
BRCA2 N2135Kfs*3	50952	1	2136	70101	FragmentReplacedModification	KC	2136	50952	2135	DatabaseIdentifier	1655447	COSV99061641	1500689	48887
BRCA2 S2148Yfs*2	50952	1	2148	70101	FragmentReplacedModification	Y	2148	50952	2148	DatabaseIdentifier	1655447	COSV66458801	1500689	48887
BRCA2 Q2157Ifs*18	50952	1	2173	70101	FragmentReplacedModification	ISTRQTTVGIRNQSVTC	2173	50952	2157	DatabaseIdentifier	1655447	COSV66454781	1500689	48887
BRCA2 I2194Lfs*12	50952	1	2204	70101	FragmentReplacedModification	LVKLKLFLMFL	2204	50952	2194	DatabaseIdentifier	1655447	COSV66457074	1500689	48887
BRCA2 E2198Nfs*4	50952	1	2200	70101	FragmentReplacedModification	NFF	2200	50952	2198	DatabaseIdentifier	1655447	COSV66459766	1500689	48887
BRCA2 E2226Sfs*6	50952	1	2230	70101	FragmentReplacedModification	SSRNC	2230	50952	2226	DatabaseIdentifier	1655447	COSV66453487	1500689	48887
BRCA2 E2236Kfs*5	50952	1	2239	70101	FragmentReplacedModification	FMKMMN	2239	50952	2236	DatabaseIdentifier	1655447	COSV104430706	1500689	48887
BRCA2 L2253Ffs*7	50952	1	2258	70101	FragmentReplacedModification	FYMSRK	2258	50952	2253	DatabaseIdentifier	1655447	COSV104701291	1500689	48887
BRCA2 F2254Lfs*26	50952	1	2278	70101	FragmentReplacedModification	LHVPKMRKWFCQIQELEKEEESPLS	2278	50952	2254	DatabaseIdentifier	1655447	COSV104430694	1500689	48887
BRCA2 L2357Vfs*2	50952	1	2357	70101	FragmentReplacedModification	V	2357	50952	2357	DatabaseIdentifier	1655447	COSV99061707	1500689	48887
BRCA2 L2362Cfs*5	50952	1	2365	70101	FragmentReplacedModification	CMNI	2365	50952	2362	DatabaseIdentifier	1655447	COSV66459415	1500689	48887
BRCA2 K2404Sfs*7	50952	1	2409	70101	FragmentReplacedModification	SLCSTF	2409	50952	2404	DatabaseIdentifier	1655447	COSV66455033	1500689	48887
BRCA2 N2452Mfs*15	50952	1	2465	70101	FragmentReplacedModification	MRFISLTKTTPIKQ	2465	50952	2452	DatabaseIdentifier	1655447	COSV66455492	1500689	48887
BRCA2 N2553Tfs*95	50952	1	2646	70101	FragmentReplacedModification	TAKMQSLFSFTLKIILVRKVYGLEKEYSWLMVDGSYPPMMERLEKKNFIGLCVTLQVWIQSLFLEFGFIITIDGSYGNWQLWNVPFLRNLLIDA	2646	50952	2553	DatabaseIdentifier	1655447	COSV99061601	1500689	48887
BRCA2 N2556Mfs*92	50952	1	2646	70101	FragmentReplacedModification	MQSLFSFTLKIILVRKVYGLEKEYSWLMVDGSYPPMMERLEKKNFIGLCVTLQVWIQSLFLEFGFIITIDGSYGNWQLWNVPFLRNLLIDA	2646	50952	2556	DatabaseIdentifier	1655447	COSV66463887	1500689	48887
BRCA2 P2608Qfs*40	50952	1	2646	70101	FragmentReplacedModification	QVWIQSLFLEFGFIITIDGSYGNWQLWNVPFLRNLLIDA	2646	50952	2608	DatabaseIdentifier	1655447	COSV66453119	1500689	48887
BRCA2 R2645Nfs*3	50952	1	2646	70101	FragmentReplacedModification	NA	2646	50952	2645	DatabaseIdentifier	1655447	COSV66450275	1500689	48887
BRCA2 K2674Rfs*2	50952	1	2674	70101	FragmentReplacedModification	R	2674	50952	2674	DatabaseIdentifier	1655447	COSV66454839	1500689	48887
BRCA2 T2685Hfs*9	50952	1	2692	70101	FragmentReplacedModification	HLFSVFLT	2692	50952	2685	DatabaseIdentifier	1655447	COSV66457150	1500689	48887
BRCA2 S2697Kfs*31	50952	1	2726	70101	FragmentReplacedModification	KLLAIKLVVQIPKKWPLLNLQMGGMLLRPS	2726	50952	2697	DatabaseIdentifier	1655447	COSV66460015	1500689	48887
BRCA2 V2716Wfs*17	50952	1	2731	70101	FragmentReplacedModification	WPLLNLQMGGMLLRPS	2731	50952	2716	DatabaseIdentifier	1655447	COSV66462104	1500689	48887
BRCA2 L2745Qfs*31	50952	1	2774	70101	FragmentReplacedModification	QLVRRLFFMEQNWWALLMPVHLLKPQNLLC	2774	50952	2745	DatabaseIdentifier	1655447	COSV101204800	1500689	48887
BRCA2 G2760Pfs*13	50952	1	2771	70101	FragmentReplacedModification	PVHLLKPQNLLC	2771	50952	2760	DatabaseIdentifier	1655447	COSV66462455	1500689	48887
BRCA2 T2766Nfs*11	50952	1	2775	70101	FragmentReplacedModification	NLLKPQNLLC	2775	50952	2766	DatabaseIdentifier	1655447	COSV66450547	1500689	48887
BRCA2 P2767Lfs*10	50952	1	2775	70101	FragmentReplacedModification	LLKPQNLLC	2775	50952	2767	DatabaseIdentifier	1655447	COSV104430663	1500689	48887
BRCA2 V2969Cfs*7	50952	1	2974	70101	FragmentReplacedModification	CGSCVL	2974	50952	2969	DatabaseIdentifier	1655447	COSV99061632	1500689	48887
BRCA2 E2981Kfs*7	50952	1	2986	70101	FragmentReplacedModification	KKIQLY	2986	50952	2981	DatabaseIdentifier	1655447	COSV66452569	1500689	48887
BRCA2 T3033Lfs*29	50952	1	3060	70101	FragmentReplacedModification	LSINNYRFQMKFYFRFTSHGSPFTSANF	3060	50952	3033	DatabaseIdentifier	1655447	COSV66448292	1500689	48887
BRCA2 C3069Lfs*5	50952	1	3072	70101	FragmentReplacedModification	LRWT	3072	50952	3069	DatabaseIdentifier	1655447	COSV66462069	1500689	48887
BRCA2 T3085Qfs*19	50952	1	3102	70101	FragmentReplacedModification	QDLPLSSICQTNVTIYWQ	3102	50952	3085	DatabaseIdentifier	1655447	COSV66454758	1500689	48887
BRCA2 P3089Lfs*15	50952	1	3102	70101	FragmentReplacedModification	LSSICQTNVTIYWQ	3102	50952	3089	DatabaseIdentifier	1655447	COSV101204047	1500689	48887
BRCA2 N3164Ifs*53	50952	1	3215	70101	FragmentReplacedModification	ILLRILTYFAMKQKTSLCIYCMQMIPSGPPQLKTVLQGRTLLKSFLVQETSF	3215	50952	3164	DatabaseIdentifier	1655447	COSV66459899	1500689	48887
BRCA2 L3172Afs*44	50952	1	3214	70101	FragmentReplacedModification	AMKQKTSLCIYCMQMIPSGPPQLKTVLQGRTLLKSFLVQETSF	3214	50952	3172	DatabaseIdentifier	1655447	COSV66337536	1500689	48887
BRCA2 C3198Yfs*23	50952	1	3219	70101	FragmentReplacedModification	YFRAVHCSNHSWYRKQASDVFS	3219	50952	3198	DatabaseIdentifier	1655447	COSV66338183	1500689	48887
BRCA2 R3237Gfs*12	50952	1	3247	70101	FragmentReplacedModification	GSLFPHLSQPR	3247	50952	3237	DatabaseIdentifier	1655447	COSV66337908	1500689	48887
BRCA2 E3256Rfs*19	50952	1	3273	70101	FragmentReplacedModification	RKRLMTKRTAKREEPWIS	3273	50952	3256	DatabaseIdentifier	1655447	COSV66337724	1500689	48887
BRCA2 K3263Rfs*12	50952	1	3273	70101	FragmentReplacedModification	RTAKREEPWIS	3273	50952	3263	DatabaseIdentifier	1655447	COSV101200930	1500689	48887